<application>
  <component name="DiscordApplicationSettings">
    <option name="show" value="true" />
    <option name="idle" value="IDLE" />
    <option name="applicationDetails" value="APPLICATION_VERSION" />
    <option name="applicationDetailsCustom" value="" />
    <option name="applicationStateCustom" value="" />
    <option name="applicationIconLargeTextCustom" value="" />
    <option name="applicationIconSmallTextCustom" value="" />
    <option name="applicationTime" value="APPLICATION_TOTAL" />
    <option name="projectDetails" value="PROJECT_NAME_VCS_BRANCH" />
    <option name="projectDetailsCustom" value="" />
    <option name="projectState" value="NONE" />
    <option name="projectStateCustom" value="" />
    <option name="projectIconLargeTextCustom" value="" />
    <option name="projectIconSmallTextCustom" value="" />
    <option name="projectTime" value="APPLICATION_TOTAL" />
    <option name="fileDetails" value="PROJECT_NAME_VCS_BRANCH" />
    <option name="fileDetailsCustom" value="" />
    <option name="fileStateCustom" value="" />
    <option name="fileIconLargeTextCustom" value="" />
    <option name="fileIconSmallText" value="APPLICATION_NAME" />
    <option name="fileIconSmallTextCustom" value="" />
    <option name="fileTime" value="APPLICATION_TOTAL" />
    <option name="filePrefixEnabled" value="true" />
    <option name="fileHideVcsIgnored" value="false" />
    <option name="applicationType" value="IDE" />
    <option name="theme" value="material" />
    <option name="applicationLastUpdateNotification" value="1.12.0" />
  </component>
</application>